emp_id,f_name,l_name,desig,dept,salary
100,Carolina,Chick,.@yopmail.com,.@yopmail.com,988086819
101,Rubie,Faso,.@yopmail.com,.@yopmail.com,268786528
102,Cyndie,Hashim,.@yopmail.com,.@yopmail.com,674449740
103,Vinita,Louanna,.@yopmail.com,.@yopmail.com,895568514
104,Shandie,Newell,.@yopmail.com,.@yopmail.com,614928818
105,Frances,Aloise,.@yopmail.com,.@yopmail.com,254068661
106,Shauna,Baudin,.@yopmail.com,.@yopmail.com,816527768
107,Rozele,Juliet,.@yopmail.com,.@yopmail.com,311101952
108,Dode,Alwin,.@yopmail.com,.@yopmail.com,142300090
109,Nannie,Roche,.@yopmail.com,.@yopmail.com,435576222
110,Berta,Rurik,.@yopmail.com,.@yopmail.com,383799752
111,Gilda,Jena,.@yopmail.com,.@yopmail.com,733067926
112,Jennica,Pyle,.@yopmail.com,.@yopmail.com,195898125
113,Tomasina,Frodi,.@yopmail.com,.@yopmail.com,128344009
114,Alameda,Rillings,.@yopmail.com,.@yopmail.com,791399714
115,Kassey,Diann,.@yopmail.com,.@yopmail.com,615558635
116,Tabbatha,Dowski,.@yopmail.com,.@yopmail.com,585333258
117,Noelle,Anis,.@yopmail.com,.@yopmail.com,902365342
118,Kathy,Greyson,.@yopmail.com,.@yopmail.com,432019007
119,Janeczka,Devlen,.@yopmail.com,.@yopmail.com,371228327
120,Dale,Schonfeld,.@yopmail.com,.@yopmail.com,953190407
121,Fanchon,Urias,.@yopmail.com,.@yopmail.com,404415050
122,Orelia,Pozzy,.@yopmail.com,.@yopmail.com,105905399
123,Jenilee,Florina,.@yopmail.com,.@yopmail.com,421997231
124,Nannie,Mintz,.@yopmail.com,.@yopmail.com,765528074
125,Jillayne,Noman,.@yopmail.com,.@yopmail.com,22125936
126,Florencia,Suzetta,.@yopmail.com,.@yopmail.com,495144247
127,Dulce,McGrody,.@yopmail.com,.@yopmail.com,626289214
128,Gui,Bigner,.@yopmail.com,.@yopmail.com,829109325
129,Stephanie,Catie,.@yopmail.com,.@yopmail.com,766006290
130,Annabela,Trey,.@yopmail.com,.@yopmail.com,602090211
131,Basia,Francyne,.@yopmail.com,.@yopmail.com,431463162
132,Jessy,Erlandson,.@yopmail.com,.@yopmail.com,305328430
133,Claresta,Winnick,.@yopmail.com,.@yopmail.com,821835402
134,Dawn,Fleeta,.@yopmail.com,.@yopmail.com,878858544
135,Melodie,Schenck,.@yopmail.com,.@yopmail.com,411929051
136,Nannie,Wattenberg,.@yopmail.com,.@yopmail.com,172468180
137,Madeleine,Croix,.@yopmail.com,.@yopmail.com,88457157
138,Larine,Hailee,.@yopmail.com,.@yopmail.com,182903812
139,Cathie,Clara,.@yopmail.com,.@yopmail.com,566294737
140,Lacie,Vharat,.@yopmail.com,.@yopmail.com,992513018
141,Bibby,Talia,.@yopmail.com,.@yopmail.com,852948245
142,Gerrie,Bollay,.@yopmail.com,.@yopmail.com,858783612
143,Hettie,Papageno,.@yopmail.com,.@yopmail.com,305501466
144,Sophia,Morrill,.@yopmail.com,.@yopmail.com,563924230
145,Jemie,Garek,.@yopmail.com,.@yopmail.com,104460032
146,Ayn,Delp,.@yopmail.com,.@yopmail.com,51422491
147,Vivia,Capello,.@yopmail.com,.@yopmail.com,186971544
148,Dulce,Seligman,.@yopmail.com,.@yopmail.com,918225902
149,Arlina,Shanley,.@yopmail.com,.@yopmail.com,498035759
150,Marline,Erb,.@yopmail.com,.@yopmail.com,16889875
151,Claresta,Koziara,.@yopmail.com,.@yopmail.com,954286027
152,Sissy,Stelle,.@yopmail.com,.@yopmail.com,292383841
153,Demetris,Morehouse,.@yopmail.com,.@yopmail.com,649121671
154,Corly,Middleton,.@yopmail.com,.@yopmail.com,925397097
155,Elsie,Hillel,.@yopmail.com,.@yopmail.com,73626514
156,Madelle,Pulsifer,.@yopmail.com,.@yopmail.com,571541850
157,Wanda,Sammons,.@yopmail.com,.@yopmail.com,559583876
158,Goldie,Plato,.@yopmail.com,.@yopmail.com,471789820
159,Cathyleen,Hubert,.@yopmail.com,.@yopmail.com,292935965
160,Robbi,Serilda,.@yopmail.com,.@yopmail.com,332657138
161,Dulce,Karna,.@yopmail.com,.@yopmail.com,834389015
162,Harmonia,Koehler,.@yopmail.com,.@yopmail.com,228979839
163,Deirdre,Olympium,.@yopmail.com,.@yopmail.com,103265400
164,Lynde,Elephus,.@yopmail.com,.@yopmail.com,731035043
165,Taffy,Cyrie,.@yopmail.com,.@yopmail.com,707267228
166,Cecile,Ingra,.@yopmail.com,.@yopmail.com,264487624
167,Deane,Sundin,.@yopmail.com,.@yopmail.com,636629103
168,Mara,Ader,.@yopmail.com,.@yopmail.com,492697461
169,Jordan,Morrill,.@yopmail.com,.@yopmail.com,171425467
170,Gui,Raama,.@yopmail.com,.@yopmail.com,416119466
171,Joane,Valerio,.@yopmail.com,.@yopmail.com,806922125
172,Danika,Laverne,.@yopmail.com,.@yopmail.com,660430475
173,Nanete,Nikaniki,.@yopmail.com,.@yopmail.com,335541053
174,Adele,Cloris,.@yopmail.com,.@yopmail.com,899791349
175,Mara,Zachary,.@yopmail.com,.@yopmail.com,467885957
176,Brandise,Dosia,.@yopmail.com,.@yopmail.com,57235249
177,Nataline,Sammons,.@yopmail.com,.@yopmail.com,158956741
178,Sibella,Pyle,.@yopmail.com,.@yopmail.com,625880091
179,Sara-Ann,Bates,.@yopmail.com,.@yopmail.com,34550645
180,Kenna,Auberbach,.@yopmail.com,.@yopmail.com,220568946
181,Ellette,Afton,.@yopmail.com,.@yopmail.com,896139952
182,Adelle,Swanhildas,.@yopmail.com,.@yopmail.com,755044030
183,Jorry,Gillan,.@yopmail.com,.@yopmail.com,987497698
184,Penelopa,Othilia,.@yopmail.com,.@yopmail.com,650228521
185,Jemie,Kaete,.@yopmail.com,.@yopmail.com,507229150
186,Marti,Oster,.@yopmail.com,.@yopmail.com,604149690
187,Carlie,Ogren,.@yopmail.com,.@yopmail.com,967985682
188,Paulita,Raama,.@yopmail.com,.@yopmail.com,358661818
189,Beth,Payson,.@yopmail.com,.@yopmail.com,551367352
190,Karena,Forrer,.@yopmail.com,.@yopmail.com,537436871
191,Grier,Peti,.@yopmail.com,.@yopmail.com,84852549
192,Alie,Jefferey,.@yopmail.com,.@yopmail.com,300659339
193,Tera,Armanda,.@yopmail.com,.@yopmail.com,827504837
194,Gwenneth,Millda,.@yopmail.com,.@yopmail.com,532959482
195,Darlleen,Ochs,.@yopmail.com,.@yopmail.com,217236606
196,Talya,Ephrem,.@yopmail.com,.@yopmail.com,570946374
197,Sharlene,Edee,.@yopmail.com,.@yopmail.com,572566902
198,Chloris,Greenwald,.@yopmail.com,.@yopmail.com,319859876
199,Norine,Garlinda,.@yopmail.com,.@yopmail.com,417960015
200,Elora,Leifeste,.@yopmail.com,.@yopmail.com,586940957
201,Leona,Rooney,.@yopmail.com,.@yopmail.com,822409437
202,Mathilda,Gerge,.@yopmail.com,.@yopmail.com,736757630
203,Lorie,Arvo,.@yopmail.com,.@yopmail.com,888515657
204,Nonnah,Amasa,.@yopmail.com,.@yopmail.com,601168021
205,Celene,Bahr,.@yopmail.com,.@yopmail.com,739120046
206,Ada,Hazlett,.@yopmail.com,.@yopmail.com,876732435
207,Renie,Diogenes,.@yopmail.com,.@yopmail.com,231642692
208,Vinita,Syd,.@yopmail.com,.@yopmail.com,556540328
209,Allis,Ingra,.@yopmail.com,.@yopmail.com,370110517
210,Siana,Kesley,.@yopmail.com,.@yopmail.com,185590198
211,Ottilie,Cassius,.@yopmail.com,.@yopmail.com,751578615
212,Grier,Latini,.@yopmail.com,.@yopmail.com,461020539
213,Karlee,Hathaway,.@yopmail.com,.@yopmail.com,726715576
214,Augustine,Phi,.@yopmail.com,.@yopmail.com,903268249
215,Celisse,Primalia,.@yopmail.com,.@yopmail.com,691805050
216,Lolita,Honoria,.@yopmail.com,.@yopmail.com,44898597
217,Tina,Kevon,.@yopmail.com,.@yopmail.com,985793539
218,Tani,Cohdwell,.@yopmail.com,.@yopmail.com,492711936
219,Chere,Bonucci,.@yopmail.com,.@yopmail.com,528956612
220,Fidelia,Anderea,.@yopmail.com,.@yopmail.com,892559853
221,Leontine,Pettiford,.@yopmail.com,.@yopmail.com,678871321
222,Ruthe,Bohlin,.@yopmail.com,.@yopmail.com,634558544
223,Karolina,Wareing,.@yopmail.com,.@yopmail.com,599917255
224,Konstance,McGrody,.@yopmail.com,.@yopmail.com,161419292
225,Leanna,Smitt,.@yopmail.com,.@yopmail.com,859916993
226,Noelle,Shaddock,.@yopmail.com,.@yopmail.com,327118486
227,Karly,Mike,.@yopmail.com,.@yopmail.com,398211811
228,Caryl,Janith,.@yopmail.com,.@yopmail.com,961334149
229,Annice,Vastah,.@yopmail.com,.@yopmail.com,32853809
230,Kathy,Goode,.@yopmail.com,.@yopmail.com,896296168
231,Riannon,Goddard,.@yopmail.com,.@yopmail.com,128806313
232,Carlie,Aaberg,.@yopmail.com,.@yopmail.com,282332011
233,Elyssa,Pelagias,.@yopmail.com,.@yopmail.com,858723577
234,Angelique,Meter,.@yopmail.com,.@yopmail.com,357304064
235,Alie,Anyah,.@yopmail.com,.@yopmail.com,748951710
236,Corina,Ietta,.@yopmail.com,.@yopmail.com,970708163
237,Leontine,Palocz,.@yopmail.com,.@yopmail.com,895497359
238,Lacie,Durante,.@yopmail.com,.@yopmail.com,575713588
239,Clarice,Darian,.@yopmail.com,.@yopmail.com,534982985
240,Courtnay,Behre,.@yopmail.com,.@yopmail.com,423719654
241,Elena,Aaberg,.@yopmail.com,.@yopmail.com,518438002
242,Gaylene,Craggie,.@yopmail.com,.@yopmail.com,213794296
243,Robinia,My,.@yopmail.com,.@yopmail.com,814142699
244,Frances,Vastah,.@yopmail.com,.@yopmail.com,521550885
245,Alisha,Campball,.@yopmail.com,.@yopmail.com,509236979
246,Carmela,Rhu,.@yopmail.com,.@yopmail.com,186762281
247,Darci,MacIntosh,.@yopmail.com,.@yopmail.com,222019180
248,Marguerite,Erb,.@yopmail.com,.@yopmail.com,78304525
249,Caressa,Norvol,.@yopmail.com,.@yopmail.com,349716314
250,Gretal,Arquit,.@yopmail.com,.@yopmail.com,954389401
251,Viviene,Sundin,.@yopmail.com,.@yopmail.com,211927585
252,Elora,Ortrude,.@yopmail.com,.@yopmail.com,113255123
253,Fernande,Catie,.@yopmail.com,.@yopmail.com,446470339
254,Evita,Eben,.@yopmail.com,.@yopmail.com,313323864
255,Lonnie,Gower,.@yopmail.com,.@yopmail.com,161548537
256,Codie,Yerkovich,.@yopmail.com,.@yopmail.com,875341645
257,Blondelle,Gemini,.@yopmail.com,.@yopmail.com,629111339
258,Annice,Bigner,.@yopmail.com,.@yopmail.com,114606647
259,Brooks,Urias,.@yopmail.com,.@yopmail.com,382386212
260,Abbie,Seagraves,.@yopmail.com,.@yopmail.com,722325550
261,Winifred,McLaughlin,.@yopmail.com,.@yopmail.com,346680290
262,Henriette,Darian,.@yopmail.com,.@yopmail.com,133354212
263,Cherrita,Dudley,.@yopmail.com,.@yopmail.com,628954584
264,Andeee,Burch,.@yopmail.com,.@yopmail.com,516624847
265,Jere,Tomasina,.@yopmail.com,.@yopmail.com,171265750
266,Emelina,Bury,.@yopmail.com,.@yopmail.com,110372180
267,Roberta,Maurine,.@yopmail.com,.@yopmail.com,181402548
268,Lita,Drus,.@yopmail.com,.@yopmail.com,368106095
269,Marita,Leffen,.@yopmail.com,.@yopmail.com,492882540
270,Quintina,Connelly,.@yopmail.com,.@yopmail.com,358485211
271,Magdalena,Toni,.@yopmail.com,.@yopmail.com,144095793
272,Ronna,Schwejda,.@yopmail.com,.@yopmail.com,33663428
273,Millie,Ambrosia,.@yopmail.com,.@yopmail.com,939610527
274,Gaylene,Braun,.@yopmail.com,.@yopmail.com,141419452
275,Konstance,Leonard,.@yopmail.com,.@yopmail.com,414812649
276,Collen,Hedve,.@yopmail.com,.@yopmail.com,862017522
277,Kathy,Bates,.@yopmail.com,.@yopmail.com,343607943
278,Noelle,Ursulette,.@yopmail.com,.@yopmail.com,980921187
279,Karina,Redmond,.@yopmail.com,.@yopmail.com,827592835
280,Paulita,Sikorski,.@yopmail.com,.@yopmail.com,364564115
281,Justinn,Letsou,.@yopmail.com,.@yopmail.com,417663053
282,Trudie,Edison,.@yopmail.com,.@yopmail.com,886890464
283,Georgetta,Poll,.@yopmail.com,.@yopmail.com,780976187
284,Adele,Koziara,.@yopmail.com,.@yopmail.com,675645802
285,Gilda,Dahlia,.@yopmail.com,.@yopmail.com,594173509
286,Katleen,Alexandr,.@yopmail.com,.@yopmail.com,940246761
287,Hayley,Tacye,.@yopmail.com,.@yopmail.com,638339257
288,Lolita,Faro,.@yopmail.com,.@yopmail.com,859386227
289,Merci,Longfellow,.@yopmail.com,.@yopmail.com,160260269
290,Nonnah,Sacken,.@yopmail.com,.@yopmail.com,171463475
291,Suzette,Alrich,.@yopmail.com,.@yopmail.com,41981810
292,Betta,Girardo,.@yopmail.com,.@yopmail.com,271925207
293,Lonnie,Halla,.@yopmail.com,.@yopmail.com,446295789
294,Tera,Docilla,.@yopmail.com,.@yopmail.com,453090770
295,Laurene,Waldron,.@yopmail.com,.@yopmail.com,563682535
296,Lyssa,Sheedy,.@yopmail.com,.@yopmail.com,151032901
297,Margette,Clara,.@yopmail.com,.@yopmail.com,285794405
298,Tilly,Goldina,.@yopmail.com,.@yopmail.com,609288345
299,Frieda,Drus,.@yopmail.com,.@yopmail.com,744238097
300,Stevana,Infield,.@yopmail.com,.@yopmail.com,133910131
301,Dorthy,Westphal,.@yopmail.com,.@yopmail.com,729220742
302,Cacilie,Meter,.@yopmail.com,.@yopmail.com,458295708
303,Jaime,Smitt,.@yopmail.com,.@yopmail.com,225056512
304,Ilse,August,.@yopmail.com,.@yopmail.com,4748059
305,Sharlene,Fredi,.@yopmail.com,.@yopmail.com,477316976
306,Maye,Pitt,.@yopmail.com,.@yopmail.com,358225607
307,Vita,Edvard,.@yopmail.com,.@yopmail.com,883967926
308,Britte,Iiette,.@yopmail.com,.@yopmail.com,848466331
309,Clarice,Aprile,.@yopmail.com,.@yopmail.com,775702708
310,Tersina,Karl,.@yopmail.com,.@yopmail.com,875907144
311,Jean,Magdalen,.@yopmail.com,.@yopmail.com,770692904
312,Sarette,Nunci,.@yopmail.com,.@yopmail.com,841532517
313,Ilse,Septima,.@yopmail.com,.@yopmail.com,231782891
314,Lizzie,Lasley,.@yopmail.com,.@yopmail.com,973367451
315,Gale,Egbert,.@yopmail.com,.@yopmail.com,435017771
316,Ilse,Virgin,.@yopmail.com,.@yopmail.com,19725976
317,Cherrita,Lowry,.@yopmail.com,.@yopmail.com,1534985
318,Abbie,Fontana,.@yopmail.com,.@yopmail.com,154357026
319,Camile,Stuart,.@yopmail.com,.@yopmail.com,612707481
320,Shauna,Ardra,.@yopmail.com,.@yopmail.com,606091614
321,Jean,Dorothy,.@yopmail.com,.@yopmail.com,142369764
322,Yolane,Zetta,.@yopmail.com,.@yopmail.com,415917228
323,Selia,Bahr,.@yopmail.com,.@yopmail.com,630295809
324,Jessamyn,Kaja,.@yopmail.com,.@yopmail.com,145387399
325,Karena,Hepsibah,.@yopmail.com,.@yopmail.com,248417711
326,Priscilla,Sheedy,.@yopmail.com,.@yopmail.com,349018254
327,Britte,Alarise,.@yopmail.com,.@yopmail.com,166733958
328,Norine,Behre,.@yopmail.com,.@yopmail.com,467891533
329,Zaria,Suzetta,.@yopmail.com,.@yopmail.com,938229345
330,Marleah,Hartnett,.@yopmail.com,.@yopmail.com,1325895
331,Ricky,Lissi,.@yopmail.com,.@yopmail.com,996739300
332,Kristina,Neils,.@yopmail.com,.@yopmail.com,732116894
333,Inga,Norvol,.@yopmail.com,.@yopmail.com,349843166
334,Nananne,Bearnard,.@yopmail.com,.@yopmail.com,95061571
335,Glynnis,Chabot,.@yopmail.com,.@yopmail.com,322922525
336,Helena,Grimbly,.@yopmail.com,.@yopmail.com,813501104
337,Nanete,Maurine,.@yopmail.com,.@yopmail.com,29207203
338,Clo,Slifka,.@yopmail.com,.@yopmail.com,217852423
339,Dania,Kazimir,.@yopmail.com,.@yopmail.com,388087378
340,Zaria,Amadas,.@yopmail.com,.@yopmail.com,325762841
341,Eve,Erlandson,.@yopmail.com,.@yopmail.com,185970336
342,Kristina,Riva,.@yopmail.com,.@yopmail.com,529783867
343,Dotty,Ventre,.@yopmail.com,.@yopmail.com,127454924
344,Randa,Carlson,.@yopmail.com,.@yopmail.com,85975975
345,Belva,Thad,.@yopmail.com,.@yopmail.com,352027828
346,Alex,Latini,.@yopmail.com,.@yopmail.com,140071886
347,Melisent,Lauraine,.@yopmail.com,.@yopmail.com,149324126
348,Molli,Isacco,.@yopmail.com,.@yopmail.com,721871376
349,Blake,McLaughlin,.@yopmail.com,.@yopmail.com,237838062
350,Renie,Reneta,.@yopmail.com,.@yopmail.com,861241956
351,Carree,Ophelia,.@yopmail.com,.@yopmail.com,673718261
352,Ermengarde,Podvin,.@yopmail.com,.@yopmail.com,834160157
353,Arabel,Munn,.@yopmail.com,.@yopmail.com,794581550
354,Beth,Karl,.@yopmail.com,.@yopmail.com,313932068
355,Halette,Belanger,.@yopmail.com,.@yopmail.com,264315437
356,Maisey,Hedve,.@yopmail.com,.@yopmail.com,85976383
357,Kayla,Stevy,.@yopmail.com,.@yopmail.com,636614226
358,Lynde,Jacinda,.@yopmail.com,.@yopmail.com,922967179
359,Molli,Damarra,.@yopmail.com,.@yopmail.com,265473937
360,Melodie,Calhoun,.@yopmail.com,.@yopmail.com,905204331
361,Hettie,Clywd,.@yopmail.com,.@yopmail.com,934275888
362,Robinia,Stacy,.@yopmail.com,.@yopmail.com,843809106
363,Rhea,Hillel,.@yopmail.com,.@yopmail.com,276521289
364,Ottilie,Blase,.@yopmail.com,.@yopmail.com,978761029
365,Konstance,Kussell,.@yopmail.com,.@yopmail.com,415450989
366,Elfreda,Justinn,.@yopmail.com,.@yopmail.com,879077700
367,Roslyn,Cherianne,.@yopmail.com,.@yopmail.com,932157202
368,Cherrita,Westphal,.@yopmail.com,.@yopmail.com,211362415
369,Lynnea,Anselmi,.@yopmail.com,.@yopmail.com,815039448
370,Nicoli,Edmund,.@yopmail.com,.@yopmail.com,586685786
371,Cordi,Stuart,.@yopmail.com,.@yopmail.com,707370633
372,Corry,Jillane,.@yopmail.com,.@yopmail.com,74435132
373,Marline,Schenck,.@yopmail.com,.@yopmail.com,316699976
374,Roberta,Dudley,.@yopmail.com,.@yopmail.com,304561692
375,Layla,Noelyn,.@yopmail.com,.@yopmail.com,292814755
376,Layla,Rudolph,.@yopmail.com,.@yopmail.com,429570581
377,Farrah,Elvyn,.@yopmail.com,.@yopmail.com,750194079
378,Carolina,Margret,.@yopmail.com,.@yopmail.com,957167688
379,Ileana,Wareing,.@yopmail.com,.@yopmail.com,346394637
380,Ruthe,Tarrant,.@yopmail.com,.@yopmail.com,775697185
381,Cecile,Simmonds,.@yopmail.com,.@yopmail.com,352868685
382,Maurene,Standing,.@yopmail.com,.@yopmail.com,835281918
383,Justinn,Klemperer,.@yopmail.com,.@yopmail.com,771979956
384,Ilse,Noman,.@yopmail.com,.@yopmail.com,625506296
385,Sharlene,Lytton,.@yopmail.com,.@yopmail.com,825478686
386,Kristan,Holtz,.@yopmail.com,.@yopmail.com,843730217
387,Alyda,Beniamino,.@yopmail.com,.@yopmail.com,72764388
388,Livvyy,Pandolfi,.@yopmail.com,.@yopmail.com,669935984
389,Bernardine,Ammann,.@yopmail.com,.@yopmail.com,104041914
390,Aurore,Robertson,.@yopmail.com,.@yopmail.com,31138865
391,Arabel,Tannie,.@yopmail.com,.@yopmail.com,410305517
392,Ilse,Stilwell,.@yopmail.com,.@yopmail.com,884643858
393,Debee,Juan,.@yopmail.com,.@yopmail.com,692741337
394,Yolane,Sharl,.@yopmail.com,.@yopmail.com,707226372
395,Melisent,Xerxes,.@yopmail.com,.@yopmail.com,229825031
396,Josephine,Edmund,.@yopmail.com,.@yopmail.com,983397043
397,Mignon,Klotz,.@yopmail.com,.@yopmail.com,9193851
398,Linzy,Hanshaw,.@yopmail.com,.@yopmail.com,944800396
399,Jackie,Phaidra,.@yopmail.com,.@yopmail.com,677937810
400,Corry,Dorothy,.@yopmail.com,.@yopmail.com,294483695
401,Gianina,Wiener,.@yopmail.com,.@yopmail.com,663061854
402,Talya,Nerita,.@yopmail.com,.@yopmail.com,145311573
403,Jerry,Bertold,.@yopmail.com,.@yopmail.com,35394500
404,Evaleen,Jerold,.@yopmail.com,.@yopmail.com,499444678
405,Carmencita,Vorster,.@yopmail.com,.@yopmail.com,167689398
406,Sean,Lowry,.@yopmail.com,.@yopmail.com,658707372
407,Helsa,Alcott,.@yopmail.com,.@yopmail.com,740223427
408,Caressa,Kristi,.@yopmail.com,.@yopmail.com,898699102
409,Gabi,Dituri,.@yopmail.com,.@yopmail.com,619966837
410,Robinia,Joni,.@yopmail.com,.@yopmail.com,42766403
411,Leontine,Hutchison,.@yopmail.com,.@yopmail.com,878347646
412,Cathie,Tomasina,.@yopmail.com,.@yopmail.com,1268239
413,Rosaline,Carmena,.@yopmail.com,.@yopmail.com,918000655
414,Emma,Trace,.@yopmail.com,.@yopmail.com,426487576
415,Stacey,Nore,.@yopmail.com,.@yopmail.com,385367711
416,Addia,Dulciana,.@yopmail.com,.@yopmail.com,151974752
417,Alameda,Edee,.@yopmail.com,.@yopmail.com,823316284
418,Roz,Christal,.@yopmail.com,.@yopmail.com,595148893
419,Roseline,Sasnett,.@yopmail.com,.@yopmail.com,861374365
420,Mireielle,Greenwald,.@yopmail.com,.@yopmail.com,112407512
421,Sindee,Toni,.@yopmail.com,.@yopmail.com,266169517
422,Roberta,Strephon,.@yopmail.com,.@yopmail.com,199352397
423,Dale,Tound,.@yopmail.com,.@yopmail.com,794642822
424,Nollie,Faso,.@yopmail.com,.@yopmail.com,697684672
425,Celisse,Katrine,.@yopmail.com,.@yopmail.com,885396771
426,Claudina,Aldric,.@yopmail.com,.@yopmail.com,576076420
427,Estell,Armanda,.@yopmail.com,.@yopmail.com,666112537
428,Estell,Terencio,.@yopmail.com,.@yopmail.com,198825074
429,Antonietta,Morgun,.@yopmail.com,.@yopmail.com,564809914
430,Tomasina,Barrus,.@yopmail.com,.@yopmail.com,661284817
431,Tarra,Oriana,.@yopmail.com,.@yopmail.com,261021196
432,Sophia,Meli,.@yopmail.com,.@yopmail.com,338879418
433,Susette,Kress,.@yopmail.com,.@yopmail.com,228573008
434,Carolina,Mintz,.@yopmail.com,.@yopmail.com,530887356
435,Andeee,Jeanne,.@yopmail.com,.@yopmail.com,9786200
436,Janenna,Olnee,.@yopmail.com,.@yopmail.com,635065023
437,Ilse,Redmond,.@yopmail.com,.@yopmail.com,685082212
438,Tierney,Roscoe,.@yopmail.com,.@yopmail.com,129109291
439,Bernie,Audly,.@yopmail.com,.@yopmail.com,451946319
440,Ardeen,Turne,.@yopmail.com,.@yopmail.com,787274954
441,Camile,Lilas,.@yopmail.com,.@yopmail.com,627688561
442,Dianemarie,Teryn,.@yopmail.com,.@yopmail.com,224659515
443,Livvyy,Munn,.@yopmail.com,.@yopmail.com,142080796
444,Emylee,Saree,.@yopmail.com,.@yopmail.com,678849554
445,Jobi,Nisbet,.@yopmail.com,.@yopmail.com,967017275
446,Tami,Hull,.@yopmail.com,.@yopmail.com,280632166
447,Ottilie,Nerita,.@yopmail.com,.@yopmail.com,635487310
448,Alie,Isacco,.@yopmail.com,.@yopmail.com,491547473
449,Margalo,Eno,.@yopmail.com,.@yopmail.com,852975992
450,Myrtice,Curren,.@yopmail.com,.@yopmail.com,391702889
451,Danny,Amethist,.@yopmail.com,.@yopmail.com,102787217
452,Clementine,Loleta,.@yopmail.com,.@yopmail.com,412627109
453,Caryl,Sancho,.@yopmail.com,.@yopmail.com,966778508
454,Anthia,Desai,.@yopmail.com,.@yopmail.com,990077238
455,Joeann,Kenwood,.@yopmail.com,.@yopmail.com,802758003
456,Gwenneth,Kylander,.@yopmail.com,.@yopmail.com,582756098
457,Lulita,Braun,.@yopmail.com,.@yopmail.com,13407287
458,Rosanne,Rudolph,.@yopmail.com,.@yopmail.com,93437420
459,Britte,Helve,.@yopmail.com,.@yopmail.com,916220865
460,Nelle,McAdams,.@yopmail.com,.@yopmail.com,246745036
461,Kirbee,Wu,.@yopmail.com,.@yopmail.com,982959677
462,Frank,Damarra,.@yopmail.com,.@yopmail.com,346299350
463,Sherrie,Infield,.@yopmail.com,.@yopmail.com,992566429
464,Fred,Friede,.@yopmail.com,.@yopmail.com,222618619
465,Evita,Seligman,.@yopmail.com,.@yopmail.com,803681420
466,Rori,Schwejda,.@yopmail.com,.@yopmail.com,670354449
467,Frances,Suanne,.@yopmail.com,.@yopmail.com,608946341
468,Claresta,Lorain,.@yopmail.com,.@yopmail.com,426339157
469,Margalo,Karylin,.@yopmail.com,.@yopmail.com,928235759
470,Stacey,Sisile,.@yopmail.com,.@yopmail.com,288936544
471,Jan,Codding,.@yopmail.com,.@yopmail.com,153434687
472,June,Sawtelle,.@yopmail.com,.@yopmail.com,309989811
473,Di,Papageno,.@yopmail.com,.@yopmail.com,865806470
474,Sindee,Curren,.@yopmail.com,.@yopmail.com,98860238
475,Mignon,McClimans,.@yopmail.com,.@yopmail.com,933650849
476,Renae,Stelle,.@yopmail.com,.@yopmail.com,200928581
477,Mireielle,Delacourt,.@yopmail.com,.@yopmail.com,181638283
478,Bobbi,Bonucci,.@yopmail.com,.@yopmail.com,880086231
479,Margarette,Izaak,.@yopmail.com,.@yopmail.com,11874404
480,Gabi,Cottle,.@yopmail.com,.@yopmail.com,690947787
481,Peri,Firmin,.@yopmail.com,.@yopmail.com,407312766
482,Alyda,Francyne,.@yopmail.com,.@yopmail.com,150221242
483,Dorothy,Parette,.@yopmail.com,.@yopmail.com,280941795
484,Carol-Jean,Yorick,.@yopmail.com,.@yopmail.com,237624239
485,Devina,Ursulette,.@yopmail.com,.@yopmail.com,14933784
486,Tomasina,Armanda,.@yopmail.com,.@yopmail.com,274208663
487,Nyssa,Liva,.@yopmail.com,.@yopmail.com,629025481
488,Laurene,Morehouse,.@yopmail.com,.@yopmail.com,356568847
489,Lilith,Melan,.@yopmail.com,.@yopmail.com,172384513
490,Collen,Serilda,.@yopmail.com,.@yopmail.com,883569272
491,Kristina,Bury,.@yopmail.com,.@yopmail.com,638456847
492,Gretal,Delacourt,.@yopmail.com,.@yopmail.com,881787549
493,Riannon,Friede,.@yopmail.com,.@yopmail.com,572648414
494,Willetta,Mata,.@yopmail.com,.@yopmail.com,71320720
495,Dorothy,Stefa,.@yopmail.com,.@yopmail.com,616103496
496,Brianna,Morrill,.@yopmail.com,.@yopmail.com,352640977
497,Karena,Narton,.@yopmail.com,.@yopmail.com,841188574
498,Lisette,Kazimir,.@yopmail.com,.@yopmail.com,828738458
499,Tonia,Gherardo,.@yopmail.com,.@yopmail.com,63467819
500,Althea,Wattenberg,.@yopmail.com,.@yopmail.com,596014182
501,Netty,Cottle,.@yopmail.com,.@yopmail.com,16451307
502,Tracey,My,.@yopmail.com,.@yopmail.com,363205
503,Oona,Ball,.@yopmail.com,.@yopmail.com,973490263
504,Liana,Couture,.@yopmail.com,.@yopmail.com,609625348
505,Meg,Caitlin,.@yopmail.com,.@yopmail.com,250234117
506,Caritta,Whiffen,.@yopmail.com,.@yopmail.com,36110963
507,Lonnie,Koehler,.@yopmail.com,.@yopmail.com,998001327
508,Rosanne,Casimir,.@yopmail.com,.@yopmail.com,398958338
509,Elfreda,Atcliffe,.@yopmail.com,.@yopmail.com,373627946
510,Augustine,Aldric,.@yopmail.com,.@yopmail.com,257421817
511,Gwyneth,Serilda,.@yopmail.com,.@yopmail.com,405002122
512,Deloria,Bonilla,.@yopmail.com,.@yopmail.com,113822850
513,Ursulina,Remmer,.@yopmail.com,.@yopmail.com,284310881
514,Ericka,Niccolo,.@yopmail.com,.@yopmail.com,432267401
515,Neila,Bates,.@yopmail.com,.@yopmail.com,861661498
516,Mamie,Goerke,.@yopmail.com,.@yopmail.com,539369723
517,Shirlee,Bandeen,.@yopmail.com,.@yopmail.com,136529261
518,Perry,Loeb,.@yopmail.com,.@yopmail.com,658602224
519,Modestia,Katrine,.@yopmail.com,.@yopmail.com,423961443
520,Kate,Katrine,.@yopmail.com,.@yopmail.com,951824071
521,Paola,Barrus,.@yopmail.com,.@yopmail.com,229566806
522,Bernie,Fadiman,.@yopmail.com,.@yopmail.com,627237611
523,Adore,Santoro,.@yopmail.com,.@yopmail.com,279290664
524,Cecile,Lauraine,.@yopmail.com,.@yopmail.com,857976380
525,Tami,Giff,.@yopmail.com,.@yopmail.com,249361816
526,Helsa,Rolf,.@yopmail.com,.@yopmail.com,648516814
527,Bibby,Merna,.@yopmail.com,.@yopmail.com,333292239
528,Dyann,Behre,.@yopmail.com,.@yopmail.com,240269477
529,Wynne,Jefferey,.@yopmail.com,.@yopmail.com,246164708
530,Leeanne,Rosemary,.@yopmail.com,.@yopmail.com,182073374
531,Kamilah,Judye,.@yopmail.com,.@yopmail.com,689134511
532,Steffane,Ulphia,.@yopmail.com,.@yopmail.com,598180482
533,Aubrie,Mitzi,.@yopmail.com,.@yopmail.com,505872929
534,Flory,Solitta,.@yopmail.com,.@yopmail.com,833599824
535,Dawn,Anselmi,.@yopmail.com,.@yopmail.com,254184779
536,Valeda,Grobe,.@yopmail.com,.@yopmail.com,548126534
537,Aubrie,Mata,.@yopmail.com,.@yopmail.com,730757269
538,Talya,Ardeha,.@yopmail.com,.@yopmail.com,163697493
539,Anallese,Erb,.@yopmail.com,.@yopmail.com,700707759
540,Ellette,Jena,.@yopmail.com,.@yopmail.com,120247375
541,Teddie,Seligman,.@yopmail.com,.@yopmail.com,428604306
542,Nollie,Faso,.@yopmail.com,.@yopmail.com,5082657
543,Gui,Girardo,.@yopmail.com,.@yopmail.com,827045812
544,Annice,Merna,.@yopmail.com,.@yopmail.com,900009597
545,Caryl,Weitman,.@yopmail.com,.@yopmail.com,399744580
546,Valeda,Bryna,.@yopmail.com,.@yopmail.com,556269692
547,Cacilie,Kesley,.@yopmail.com,.@yopmail.com,930234843
548,Carmencita,Pascia,.@yopmail.com,.@yopmail.com,155628185
549,Corly,Daniele,.@yopmail.com,.@yopmail.com,234262013
550,Chloris,Nicoline,.@yopmail.com,.@yopmail.com,842381498
551,Carolina,Presber,.@yopmail.com,.@yopmail.com,712861284
552,Lelah,Imelida,.@yopmail.com,.@yopmail.com,893120523
553,Glenda,Federica,.@yopmail.com,.@yopmail.com,954629893
554,Gusty,Lanita,.@yopmail.com,.@yopmail.com,494921402
555,Bertine,Maurine,.@yopmail.com,.@yopmail.com,834194175
556,Sam,Morgun,.@yopmail.com,.@yopmail.com,221449087
557,Marnia,Paine,.@yopmail.com,.@yopmail.com,193794539
558,Henriette,Letsou,.@yopmail.com,.@yopmail.com,210016733
559,Esmeralda,Levey,.@yopmail.com,.@yopmail.com,284569137
560,Danny,Schwejda,.@yopmail.com,.@yopmail.com,419217918
561,Jerry,Niles,.@yopmail.com,.@yopmail.com,556611511
562,Sherrie,Jena,.@yopmail.com,.@yopmail.com,275639333
563,Keelia,Daniele,.@yopmail.com,.@yopmail.com,432131558
564,Tomasina,Iphlgenia,.@yopmail.com,.@yopmail.com,370470910
565,Mureil,Zeeba,.@yopmail.com,.@yopmail.com,634131983
566,Sabina,Michella,.@yopmail.com,.@yopmail.com,398911549
567,Helsa,Arne,.@yopmail.com,.@yopmail.com,151264605
568,Asia,Ursulette,.@yopmail.com,.@yopmail.com,45691222
569,Pearline,Alarise,.@yopmail.com,.@yopmail.com,744147720
570,Valeda,Pandolfi,.@yopmail.com,.@yopmail.com,629778843
571,Nannie,Egbert,.@yopmail.com,.@yopmail.com,223131396
572,Alex,Seagraves,.@yopmail.com,.@yopmail.com,447267810
573,Rosabelle,Zetta,.@yopmail.com,.@yopmail.com,217825048
574,Leanna,Waite,.@yopmail.com,.@yopmail.com,882249894
575,Fanny,Joeann,.@yopmail.com,.@yopmail.com,671543785
576,Karolina,Chabot,.@yopmail.com,.@yopmail.com,758868889
577,Sashenka,August,.@yopmail.com,.@yopmail.com,128623243
578,Damaris,Sinegold,.@yopmail.com,.@yopmail.com,382460750
579,Edyth,Isidore,.@yopmail.com,.@yopmail.com,994680857
580,Shel,Vanni,.@yopmail.com,.@yopmail.com,220760326
581,Lelah,Rheingold,.@yopmail.com,.@yopmail.com,607749889
582,Angela,Harl,.@yopmail.com,.@yopmail.com,376728613
583,Frank,Adalbert,.@yopmail.com,.@yopmail.com,927120531
584,Sibella,Honoria,.@yopmail.com,.@yopmail.com,199682269
585,Teriann,Othilia,.@yopmail.com,.@yopmail.com,786258699
586,Sara-Ann,Penelopa,.@yopmail.com,.@yopmail.com,728376308
587,Valera,Hathaway,.@yopmail.com,.@yopmail.com,907751016
588,Winny,Ader,.@yopmail.com,.@yopmail.com,25191070
589,Flo,Byrne,.@yopmail.com,.@yopmail.com,107425630
590,Lulita,Lareena,.@yopmail.com,.@yopmail.com,471757466
591,Emmey,Syd,.@yopmail.com,.@yopmail.com,722934733
592,Adelle,Delacourt,.@yopmail.com,.@yopmail.com,48062163
593,Kara-Lynn,Dex,.@yopmail.com,.@yopmail.com,838059292
594,Mathilda,Alarise,.@yopmail.com,.@yopmail.com,324693441
595,Dania,Suanne,.@yopmail.com,.@yopmail.com,132493437
596,Minda,Thar,.@yopmail.com,.@yopmail.com,781520901
597,Julieta,Leler,.@yopmail.com,.@yopmail.com,265454261
598,Inga,Leler,.@yopmail.com,.@yopmail.com,178219068
599,Myrtice,Guildroy,.@yopmail.com,.@yopmail.com,999202234
600,Dale,Podvin,.@yopmail.com,.@yopmail.com,52128725
601,Ursulina,Vilma,.@yopmail.com,.@yopmail.com,249099822
602,Melina,Adamsen,.@yopmail.com,.@yopmail.com,948209691
603,Anestassia,Koziara,.@yopmail.com,.@yopmail.com,895419171
604,Maryellen,Kermit,.@yopmail.com,.@yopmail.com,172177871
605,Althea,Darbie,.@yopmail.com,.@yopmail.com,330526930
606,Yvonne,Suanne,.@yopmail.com,.@yopmail.com,861352805
607,Ann-Marie,Voletta,.@yopmail.com,.@yopmail.com,12238724
608,Frieda,Liebermann,.@yopmail.com,.@yopmail.com,382233999
609,Ardenia,Vharat,.@yopmail.com,.@yopmail.com,727059220
610,Ariela,Neva,.@yopmail.com,.@yopmail.com,146605799
611,Elfreda,Wattenberg,.@yopmail.com,.@yopmail.com,643068681
612,Shannah,Thema,.@yopmail.com,.@yopmail.com,187360873
613,Julieta,Anderea,.@yopmail.com,.@yopmail.com,785342669
614,Maurene,Anastatius,.@yopmail.com,.@yopmail.com,326357962
615,Vivia,Jalbert,.@yopmail.com,.@yopmail.com,254818770
616,Danika,Secrest,.@yopmail.com,.@yopmail.com,134257177
617,Barbi,Gahl,.@yopmail.com,.@yopmail.com,680151053
618,Basia,Chapland,.@yopmail.com,.@yopmail.com,85321667
619,Marline,Vary,.@yopmail.com,.@yopmail.com,159742135
620,Kalina,Jammal,.@yopmail.com,.@yopmail.com,856974951
621,Vanessa,Brenn,.@yopmail.com,.@yopmail.com,221961164
622,Tami,Lail,.@yopmail.com,.@yopmail.com,884160971
623,Thalia,Corilla,.@yopmail.com,.@yopmail.com,742086587
624,Hollie,Sammons,.@yopmail.com,.@yopmail.com,244613723
625,Kittie,Brackely,.@yopmail.com,.@yopmail.com,576792001
626,Dawn,Agle,.@yopmail.com,.@yopmail.com,219567245
627,Fidelia,Annice,.@yopmail.com,.@yopmail.com,715571750
628,Blinni,Barbey,.@yopmail.com,.@yopmail.com,593291121
629,Esmeralda,Lorenz,.@yopmail.com,.@yopmail.com,820734931
630,Ayn,Stephie,.@yopmail.com,.@yopmail.com,207056114
631,Blake,Tengdin,.@yopmail.com,.@yopmail.com,360405158
632,Verla,Trey,.@yopmail.com,.@yopmail.com,799050115
633,Ida,Cavan,.@yopmail.com,.@yopmail.com,606412972
634,Devina,Carvey,.@yopmail.com,.@yopmail.com,331384479
635,Violet,Pelagias,.@yopmail.com,.@yopmail.com,292593708
636,Joy,Johanna,.@yopmail.com,.@yopmail.com,80281600
637,Glynnis,Nikaniki,.@yopmail.com,.@yopmail.com,183014507
638,Eolanda,Judye,.@yopmail.com,.@yopmail.com,526726920
639,Briney,Halsey,.@yopmail.com,.@yopmail.com,355223618
640,Desirae,Corilla,.@yopmail.com,.@yopmail.com,466344304
641,Margette,Saunderson,.@yopmail.com,.@yopmail.com,65718512
642,Janis,Hewitt,.@yopmail.com,.@yopmail.com,801844774
643,Dode,Laverne,.@yopmail.com,.@yopmail.com,877058899
644,Kassey,Curren,.@yopmail.com,.@yopmail.com,220489568
645,Morganica,Celestine,.@yopmail.com,.@yopmail.com,14517481
646,Tomasina,Trey,.@yopmail.com,.@yopmail.com,957134727
647,Lita,Gilmour,.@yopmail.com,.@yopmail.com,316609525
648,Eadie,Martsen,.@yopmail.com,.@yopmail.com,786635933
649,Louella,Lattie,.@yopmail.com,.@yopmail.com,940910462
650,Cacilie,Zamora,.@yopmail.com,.@yopmail.com,205170351
651,Christal,Carvey,.@yopmail.com,.@yopmail.com,390165792
652,Roberta,Knowling,.@yopmail.com,.@yopmail.com,634034641
653,Carol-Jean,Krystle,.@yopmail.com,.@yopmail.com,903884220
654,Myrtice,Ailyn,.@yopmail.com,.@yopmail.com,787984311
655,Rosanne,Chauncey,.@yopmail.com,.@yopmail.com,337076544
656,Jean,Pitt,.@yopmail.com,.@yopmail.com,560102603
657,Tamqrah,Trace,.@yopmail.com,.@yopmail.com,22251365
658,Sindee,Goode,.@yopmail.com,.@yopmail.com,551714295
659,Wynne,Cherianne,.@yopmail.com,.@yopmail.com,151908156
660,Ricky,Valerio,.@yopmail.com,.@yopmail.com,110404373
661,Maud,Standing,.@yopmail.com,.@yopmail.com,52304492
662,Elsie,Florina,.@yopmail.com,.@yopmail.com,450531775
663,Deloria,Anis,.@yopmail.com,.@yopmail.com,317612955
664,Roz,Raseda,.@yopmail.com,.@yopmail.com,283594148
665,Cam,Palocz,.@yopmail.com,.@yopmail.com,628477566
666,Ulrike,Argus,.@yopmail.com,.@yopmail.com,352099330
667,Nananne,Burnside,.@yopmail.com,.@yopmail.com,718177160
668,Zondra,Malvino,.@yopmail.com,.@yopmail.com,60492199
669,Doro,Gaspard,.@yopmail.com,.@yopmail.com,507196053
670,Nataline,Braun,.@yopmail.com,.@yopmail.com,151728120
671,Marnia,Thomasina,.@yopmail.com,.@yopmail.com,307968599
672,Clementine,Jerold,.@yopmail.com,.@yopmail.com,857431572
673,Mallory,Zitvaa,.@yopmail.com,.@yopmail.com,65880102
674,Selma,Creamer,.@yopmail.com,.@yopmail.com,317514895
675,Quintina,Laurianne,.@yopmail.com,.@yopmail.com,399500650
676,Charlena,Primalia,.@yopmail.com,.@yopmail.com,792584929
677,Britte,Delila,.@yopmail.com,.@yopmail.com,515960714
678,Nita,Damarra,.@yopmail.com,.@yopmail.com,195794026
679,Christal,Medrek,.@yopmail.com,.@yopmail.com,968512352
680,Janeczka,Nance,.@yopmail.com,.@yopmail.com,513435058
681,Ethel,Noelyn,.@yopmail.com,.@yopmail.com,484011425
682,Karolina,Koehler,.@yopmail.com,.@yopmail.com,263295269
683,Augustine,Monk,.@yopmail.com,.@yopmail.com,938625559
684,Merci,Grobe,.@yopmail.com,.@yopmail.com,21102836
685,Roberta,Vorster,.@yopmail.com,.@yopmail.com,240775571
686,Annecorinne,Clywd,.@yopmail.com,.@yopmail.com,432656564
687,Rhoda,Maples,.@yopmail.com,.@yopmail.com,511715262
688,Bill,Donell,.@yopmail.com,.@yopmail.com,515805496
689,Jasmina,Goerke,.@yopmail.com,.@yopmail.com,896057367
690,Constance,Alfons,.@yopmail.com,.@yopmail.com,200142341
691,Lucy,Bethany,.@yopmail.com,.@yopmail.com,922279156
692,Shauna,Pearse,.@yopmail.com,.@yopmail.com,165979420
693,Hope,Tengdin,.@yopmail.com,.@yopmail.com,186124629
694,Madeleine,Kannry,.@yopmail.com,.@yopmail.com,595897349
695,Vere,Pitt,.@yopmail.com,.@yopmail.com,663183170
696,Candy,Garlinda,.@yopmail.com,.@yopmail.com,850381138
697,Layla,Haymes,.@yopmail.com,.@yopmail.com,58548937
698,Laure,Colyer,.@yopmail.com,.@yopmail.com,129690467
699,Jordan,Salchunas,.@yopmail.com,.@yopmail.com,987562144
700,Deloria,Wandie,.@yopmail.com,.@yopmail.com,204532923
701,Louella,Ventre,.@yopmail.com,.@yopmail.com,941846296
702,Georgetta,Denis,.@yopmail.com,.@yopmail.com,239047573
703,Deloria,Hanshaw,.@yopmail.com,.@yopmail.com,279227750
704,Riannon,Hollingsworth,.@yopmail.com,.@yopmail.com,765685048
705,Lorie,Magdalen,.@yopmail.com,.@yopmail.com,294838263
706,Loree,Kirstin,.@yopmail.com,.@yopmail.com,868978262
707,Celisse,Podvin,.@yopmail.com,.@yopmail.com,475991256
708,Flory,Sprage,.@yopmail.com,.@yopmail.com,481790785
709,Nita,Seagraves,.@yopmail.com,.@yopmail.com,350969937
710,Jany,Angelis,.@yopmail.com,.@yopmail.com,320856720
711,Brietta,Gwenore,.@yopmail.com,.@yopmail.com,962676906
712,Penelopa,Tannie,.@yopmail.com,.@yopmail.com,664337479
713,Carree,Kiersten,.@yopmail.com,.@yopmail.com,853125394
714,Daryl,Melony,.@yopmail.com,.@yopmail.com,772044941
715,Corina,Madelene,.@yopmail.com,.@yopmail.com,631645768
716,Tobe,Ramona,.@yopmail.com,.@yopmail.com,180761235
717,Sheree,Sidonius,.@yopmail.com,.@yopmail.com,616915545
718,Nollie,Joseph,.@yopmail.com,.@yopmail.com,882380820
719,Maud,Wolfgram,.@yopmail.com,.@yopmail.com,724643999
720,Elora,Dermott,.@yopmail.com,.@yopmail.com,972030156
721,Cyb,Franza,.@yopmail.com,.@yopmail.com,688531709
722,Marylou,Leonard,.@yopmail.com,.@yopmail.com,980434554
723,Claudina,Burch,.@yopmail.com,.@yopmail.com,51376925
724,Aaren,Hathaway,.@yopmail.com,.@yopmail.com,776242838
725,Mahalia,Waldron,.@yopmail.com,.@yopmail.com,311540249
726,Allyce,Morrill,.@yopmail.com,.@yopmail.com,60723611
727,Imojean,Ariella,.@yopmail.com,.@yopmail.com,451024791
728,Lily,Lunsford,.@yopmail.com,.@yopmail.com,945693489
729,Caryl,Rese,.@yopmail.com,.@yopmail.com,746105468
730,Siana,Bahr,.@yopmail.com,.@yopmail.com,847991561
731,Corry,Saint,.@yopmail.com,.@yopmail.com,748053341
732,Jacenta,Wandie,.@yopmail.com,.@yopmail.com,163876093
733,Sherrie,Stelle,.@yopmail.com,.@yopmail.com,875526654
734,Raina,Rooney,.@yopmail.com,.@yopmail.com,975203634
735,Mahalia,Pip,.@yopmail.com,.@yopmail.com,933420491
736,Grier,Gino,.@yopmail.com,.@yopmail.com,549557168
737,Ethel,Dearborn,.@yopmail.com,.@yopmail.com,752566055
738,Alyda,Socha,.@yopmail.com,.@yopmail.com,539099422
739,Leia,Kussell,.@yopmail.com,.@yopmail.com,513652160
740,Dorice,Karl,.@yopmail.com,.@yopmail.com,532498917
741,Ellette,Estella,.@yopmail.com,.@yopmail.com,962573288
742,Maryellen,Fax,.@yopmail.com,.@yopmail.com,150061426
743,Gabriellia,Wyn,.@yopmail.com,.@yopmail.com,296032231
744,Caryl,Maisey,.@yopmail.com,.@yopmail.com,202822286
745,Rosanne,Danby,.@yopmail.com,.@yopmail.com,933197790
746,Jacquetta,Ricarda,.@yopmail.com,.@yopmail.com,786396098
747,Valera,Hurley,.@yopmail.com,.@yopmail.com,498741267
748,Ofilia,Federica,.@yopmail.com,.@yopmail.com,813542392
749,Eve,Weaks,.@yopmail.com,.@yopmail.com,173494764
750,Cecile,Shaddock,.@yopmail.com,.@yopmail.com,584808073
751,Magdalena,Concha,.@yopmail.com,.@yopmail.com,151882815
752,Roz,Maurine,.@yopmail.com,.@yopmail.com,679555190
753,Elie,Florina,.@yopmail.com,.@yopmail.com,412020493
754,Doralynne,Tacye,.@yopmail.com,.@yopmail.com,176479751
755,Vere,Dannye,.@yopmail.com,.@yopmail.com,454977251
756,Nessie,Brodench,.@yopmail.com,.@yopmail.com,567482599
757,Lory,Andrel,.@yopmail.com,.@yopmail.com,521580922
758,Jacenta,Minetta,.@yopmail.com,.@yopmail.com,312086599
759,Angela,Buckler,.@yopmail.com,.@yopmail.com,428953340
760,Mara,Sandye,.@yopmail.com,.@yopmail.com,834134157
761,Kimmy,Selway,.@yopmail.com,.@yopmail.com,257245777
762,Sallie,Tremayne,.@yopmail.com,.@yopmail.com,2503537
763,Nanete,Flita,.@yopmail.com,.@yopmail.com,461679498
764,Fredericka,Kaja,.@yopmail.com,.@yopmail.com,60612446
765,Paola,Emanuel,.@yopmail.com,.@yopmail.com,550028497
766,Sharai,Delp,.@yopmail.com,.@yopmail.com,555871988
767,Veda,Iaverne,.@yopmail.com,.@yopmail.com,962292256
768,Jerry,Lane,.@yopmail.com,.@yopmail.com,190568557
769,Florie,Martsen,.@yopmail.com,.@yopmail.com,388193744
770,Margarette,Markman,.@yopmail.com,.@yopmail.com,653688216
771,Zaria,Solitta,.@yopmail.com,.@yopmail.com,410806498
772,Larine,Francyne,.@yopmail.com,.@yopmail.com,239521084
773,Collen,Lubin,.@yopmail.com,.@yopmail.com,568454015
774,Calla,Aloise,.@yopmail.com,.@yopmail.com,18749463
775,Lory,Ailyn,.@yopmail.com,.@yopmail.com,690921152
776,Corina,Frendel,.@yopmail.com,.@yopmail.com,556785519
777,Myrtice,Lowry,.@yopmail.com,.@yopmail.com,730093109
778,Cassondra,Jena,.@yopmail.com,.@yopmail.com,897470792
779,Donetta,Anderea,.@yopmail.com,.@yopmail.com,864745627
780,Alyda,Hurley,.@yopmail.com,.@yopmail.com,802974579
781,Joeann,Brodench,.@yopmail.com,.@yopmail.com,974821319
782,Julieta,Flyn,.@yopmail.com,.@yopmail.com,238250434
783,Charmaine,Roche,.@yopmail.com,.@yopmail.com,902310806
784,Annecorinne,Jotham,.@yopmail.com,.@yopmail.com,543817506
785,Lorie,Jotham,.@yopmail.com,.@yopmail.com,821851742
786,Elena,Darian,.@yopmail.com,.@yopmail.com,810674329
787,Dominga,Moseley,.@yopmail.com,.@yopmail.com,122126014
788,Gisela,Ashely,.@yopmail.com,.@yopmail.com,529043213
789,Ida,Faro,.@yopmail.com,.@yopmail.com,419786281
790,Ottilie,Quinn,.@yopmail.com,.@yopmail.com,891845833
791,Lilith,Riordan,.@yopmail.com,.@yopmail.com,876330575
792,Ginnie,Colp,.@yopmail.com,.@yopmail.com,555906925
793,Morganica,Bergman,.@yopmail.com,.@yopmail.com,1445426
794,Viviene,Torray,.@yopmail.com,.@yopmail.com,276519356
795,Claudina,Hilbert,.@yopmail.com,.@yopmail.com,179086220
796,Neila,Mott,.@yopmail.com,.@yopmail.com,463520709
797,Abbie,Kamaria,.@yopmail.com,.@yopmail.com,377065676
798,Millie,Avi,.@yopmail.com,.@yopmail.com,274882563
799,Raf,Schonfeld,.@yopmail.com,.@yopmail.com,343152205
800,Brynna,Niccolo,.@yopmail.com,.@yopmail.com,362856904
801,Bibby,Noelyn,.@yopmail.com,.@yopmail.com,794956777
802,Sybille,Wu,.@yopmail.com,.@yopmail.com,396311487
803,Morganica,Ashok,.@yopmail.com,.@yopmail.com,235367056
804,Gilda,Mintz,.@yopmail.com,.@yopmail.com,493122249
805,Marguerite,Kare,.@yopmail.com,.@yopmail.com,561502604
806,Nyssa,Deegan,.@yopmail.com,.@yopmail.com,695751342
807,Betta,Terrence,.@yopmail.com,.@yopmail.com,270836053
808,Aili,Lasley,.@yopmail.com,.@yopmail.com,667087460
809,Tani,Ball,.@yopmail.com,.@yopmail.com,815354545
810,Agnese,Blase,.@yopmail.com,.@yopmail.com,644544517
811,Dorthy,Whiffen,.@yopmail.com,.@yopmail.com,828554247
812,Jemie,Trace,.@yopmail.com,.@yopmail.com,931557598
813,Fanchon,Rillings,.@yopmail.com,.@yopmail.com,938358604
814,Alyda,Carvey,.@yopmail.com,.@yopmail.com,709971469
815,Chandra,Rocray,.@yopmail.com,.@yopmail.com,742376181
816,Delilah,Maroney,.@yopmail.com,.@yopmail.com,576986937
817,Lenna,Rosemary,.@yopmail.com,.@yopmail.com,913053849
818,Sissy,Lail,.@yopmail.com,.@yopmail.com,861762029
819,Aeriela,Stav,.@yopmail.com,.@yopmail.com,808297759
820,Imojean,Goerke,.@yopmail.com,.@yopmail.com,919489027
821,Sashenka,Taima,.@yopmail.com,.@yopmail.com,621904324
822,Misha,Nunci,.@yopmail.com,.@yopmail.com,14959926
823,Andeee,Merell,.@yopmail.com,.@yopmail.com,649392926
824,Emmey,Shaddock,.@yopmail.com,.@yopmail.com,23439053
825,Ada,Ranjiv,.@yopmail.com,.@yopmail.com,695414969
826,Reeba,Newell,.@yopmail.com,.@yopmail.com,409339501
827,Aryn,Pierette,.@yopmail.com,.@yopmail.com,533815966
828,Amara,Ummersen,.@yopmail.com,.@yopmail.com,850135337
829,Daryl,Palocz,.@yopmail.com,.@yopmail.com,588063820
830,Jolyn,Fiann,.@yopmail.com,.@yopmail.com,418166834
831,Sheree,Redmond,.@yopmail.com,.@yopmail.com,524145054
832,Dale,Cadmar,.@yopmail.com,.@yopmail.com,565194915
833,Kimberley,Hartnett,.@yopmail.com,.@yopmail.com,865635637
834,Kristan,Clarissa,.@yopmail.com,.@yopmail.com,167514630
835,Corly,Cornelia,.@yopmail.com,.@yopmail.com,162377710
836,Nerta,Dannye,.@yopmail.com,.@yopmail.com,975839078
837,Dulce,Magdalen,.@yopmail.com,.@yopmail.com,478249588
838,Janis,Destinee,.@yopmail.com,.@yopmail.com,876012785
839,Cristabel,Brodench,.@yopmail.com,.@yopmail.com,310643232
840,Raina,Jobi,.@yopmail.com,.@yopmail.com,992514813
841,Celestyna,Weide,.@yopmail.com,.@yopmail.com,580372712
842,Gerianna,Oster,.@yopmail.com,.@yopmail.com,603296063
843,Darci,Nickola,.@yopmail.com,.@yopmail.com,764418762
844,Berta,Milde,.@yopmail.com,.@yopmail.com,488962020
845,Leeanne,Randene,.@yopmail.com,.@yopmail.com,340168991
846,Madalyn,Janith,.@yopmail.com,.@yopmail.com,762466425
847,Therine,Erminia,.@yopmail.com,.@yopmail.com,889723372
848,Angelique,Edison,.@yopmail.com,.@yopmail.com,494238224
849,Dione,Genna,.@yopmail.com,.@yopmail.com,800967847
850,Adriana,Seligman,.@yopmail.com,.@yopmail.com,700895713
851,Janenna,Redmond,.@yopmail.com,.@yopmail.com,108713472
852,Perry,Lay,.@yopmail.com,.@yopmail.com,641813631
853,Karolina,Gibbeon,.@yopmail.com,.@yopmail.com,845400411
854,Sam,Christine,.@yopmail.com,.@yopmail.com,776581226
855,Isa,Ortrude,.@yopmail.com,.@yopmail.com,286884540
856,Constance,Chandler,.@yopmail.com,.@yopmail.com,232799315
857,Dorothy,Podvin,.@yopmail.com,.@yopmail.com,486755961
858,Lulita,Tengdin,.@yopmail.com,.@yopmail.com,446286985
859,Zondra,Johnsson,.@yopmail.com,.@yopmail.com,731176466
860,Teriann,Rheingold,.@yopmail.com,.@yopmail.com,967886226
861,Gwenneth,Roche,.@yopmail.com,.@yopmail.com,21563817
862,Quintina,Hillel,.@yopmail.com,.@yopmail.com,663272387
863,Marsiella,Maribeth,.@yopmail.com,.@yopmail.com,667824478
864,Halette,Fry,.@yopmail.com,.@yopmail.com,268147449
865,Kassey,Adalbert,.@yopmail.com,.@yopmail.com,657348134
866,Ida,Allys,.@yopmail.com,.@yopmail.com,837687229
867,Benita,Lay,.@yopmail.com,.@yopmail.com,109253606
868,Carolina,Liebermann,.@yopmail.com,.@yopmail.com,100171140
869,Regina,Klotz,.@yopmail.com,.@yopmail.com,391445332
870,Arlena,Zeeba,.@yopmail.com,.@yopmail.com,386355345
871,Antonietta,Wu,.@yopmail.com,.@yopmail.com,133876775
872,Allyce,Ries,.@yopmail.com,.@yopmail.com,666609312
873,Dacia,Nahum,.@yopmail.com,.@yopmail.com,72032920
874,Damaris,Drisko,.@yopmail.com,.@yopmail.com,275110749
875,Brooks,Wenoa,.@yopmail.com,.@yopmail.com,143108472
876,Aili,Tamsky,.@yopmail.com,.@yopmail.com,647973274
877,Grier,Shaver,.@yopmail.com,.@yopmail.com,168685882
878,Anallese,Jotham,.@yopmail.com,.@yopmail.com,749780736
879,Ezmeralda,Juliet,.@yopmail.com,.@yopmail.com,149861099
880,Camile,Aloise,.@yopmail.com,.@yopmail.com,700087165
881,Selia,Frodi,.@yopmail.com,.@yopmail.com,938249659
882,Celestyna,Fairweather,.@yopmail.com,.@yopmail.com,473029947
883,Marline,Lory,.@yopmail.com,.@yopmail.com,639281054
884,Tersina,Helve,.@yopmail.com,.@yopmail.com,942062564
885,Emmey,Hanleigh,.@yopmail.com,.@yopmail.com,515530775
886,Maurene,Wilkinson,.@yopmail.com,.@yopmail.com,13537448
887,Sidoney,Skell,.@yopmail.com,.@yopmail.com,47431256
888,Lanae,Pozzy,.@yopmail.com,.@yopmail.com,919750812
889,Joelly,Berriman,.@yopmail.com,.@yopmail.com,998213580
890,Joeann,Guthrie,.@yopmail.com,.@yopmail.com,948287258
891,Mady,Leopold,.@yopmail.com,.@yopmail.com,597984337
892,Concettina,Suzetta,.@yopmail.com,.@yopmail.com,620287787
893,Tera,Orelee,.@yopmail.com,.@yopmail.com,324444873
894,Lenna,Killigrew,.@yopmail.com,.@yopmail.com,190320822
895,Meg,Euridice,.@yopmail.com,.@yopmail.com,764209372
896,Giustina,Malvino,.@yopmail.com,.@yopmail.com,732240238
897,Marleah,Persse,.@yopmail.com,.@yopmail.com,76259467
898,Deane,Irmine,.@yopmail.com,.@yopmail.com,767013381
899,Violet,Berl,.@yopmail.com,.@yopmail.com,940242508
900,Hallie,Faust,.@yopmail.com,.@yopmail.com,628233583
901,Ardenia,Kinnard,.@yopmail.com,.@yopmail.com,818557456
902,Shel,Gherardo,.@yopmail.com,.@yopmail.com,913718753
903,Tobe,Juliet,.@yopmail.com,.@yopmail.com,814740511
904,Michaelina,Bebe,.@yopmail.com,.@yopmail.com,820285050
905,Talya,Ricarda,.@yopmail.com,.@yopmail.com,71991501
906,Berget,Emmy,.@yopmail.com,.@yopmail.com,119866140
907,Gusty,Faro,.@yopmail.com,.@yopmail.com,4446312
908,Kalina,Blake,.@yopmail.com,.@yopmail.com,49302515
909,Abbie,Celestine,.@yopmail.com,.@yopmail.com,900119854
910,Devina,Knowling,.@yopmail.com,.@yopmail.com,154786002
911,Myriam,Kinnard,.@yopmail.com,.@yopmail.com,106574858
912,Babita,Zitvaa,.@yopmail.com,.@yopmail.com,180525509
913,Tierney,Wildermuth,.@yopmail.com,.@yopmail.com,166413085
914,Celisse,Zrike,.@yopmail.com,.@yopmail.com,87806669
915,Deloria,Zamora,.@yopmail.com,.@yopmail.com,813854209
916,Sean,Shanley,.@yopmail.com,.@yopmail.com,200968977
917,Tani,Dudley,.@yopmail.com,.@yopmail.com,740719695
918,Drucie,Rad,.@yopmail.com,.@yopmail.com,366862407
919,Catrina,Carri,.@yopmail.com,.@yopmail.com,825509112
920,Heida,Nikaniki,.@yopmail.com,.@yopmail.com,670474807
921,Glynnis,Manolo,.@yopmail.com,.@yopmail.com,687355335
922,Tina,Cressida,.@yopmail.com,.@yopmail.com,47758431
923,Ardenia,Seagraves,.@yopmail.com,.@yopmail.com,158913569
924,Phedra,Ludewig,.@yopmail.com,.@yopmail.com,499424242
925,Ada,Olin,.@yopmail.com,.@yopmail.com,449642868
926,Arlina,Klotz,.@yopmail.com,.@yopmail.com,666083067
927,Leontine,Jillane,.@yopmail.com,.@yopmail.com,998935566
928,Ingrid,Hashim,.@yopmail.com,.@yopmail.com,948037267
929,Feliza,Zina,.@yopmail.com,.@yopmail.com,419541975
930,Shauna,Kannry,.@yopmail.com,.@yopmail.com,819953177
931,Joleen,Vacuva,.@yopmail.com,.@yopmail.com,134371540
932,Violet,Gualtiero,.@yopmail.com,.@yopmail.com,325219402
933,Ekaterina,Marsden,.@yopmail.com,.@yopmail.com,225806228
934,Luci,Kauppi,.@yopmail.com,.@yopmail.com,470540332
935,Gabi,Shields,.@yopmail.com,.@yopmail.com,771496267
936,Cristabel,Sherrie,.@yopmail.com,.@yopmail.com,949982446
937,Chere,O'Rourke,.@yopmail.com,.@yopmail.com,938871791
938,Juliane,Ochs,.@yopmail.com,.@yopmail.com,554132656
939,Belinda,Abbot,.@yopmail.com,.@yopmail.com,107704017
940,Dione,Israeli,.@yopmail.com,.@yopmail.com,880116483
941,Pollyanna,Brodench,.@yopmail.com,.@yopmail.com,906505545
942,Lizzie,Heidt,.@yopmail.com,.@yopmail.com,315043872
943,Minda,Reidar,.@yopmail.com,.@yopmail.com,689324426
944,Bee,Kinnard,.@yopmail.com,.@yopmail.com,692054477
945,Paulita,Hieronymus,.@yopmail.com,.@yopmail.com,269748705
946,Jasmina,Gibbeon,.@yopmail.com,.@yopmail.com,833448055
947,Antonietta,Pitt,.@yopmail.com,.@yopmail.com,605575076
948,Cristine,Leonard,.@yopmail.com,.@yopmail.com,839993773
949,Alisha,Ferino,.@yopmail.com,.@yopmail.com,907939420
950,Heddie,Mata,.@yopmail.com,.@yopmail.com,592138213
951,Kimberley,Destinee,.@yopmail.com,.@yopmail.com,652886507
952,Sindee,Teryn,.@yopmail.com,.@yopmail.com,349028453
953,Nananne,Stover,.@yopmail.com,.@yopmail.com,794499707
954,Taffy,Santoro,.@yopmail.com,.@yopmail.com,956197390
955,Alexine,Mallon,.@yopmail.com,.@yopmail.com,473264207
956,Agnese,Ovid,.@yopmail.com,.@yopmail.com,761317261
957,Raf,Tillford,.@yopmail.com,.@yopmail.com,373028128
958,Sashenka,Stevy,.@yopmail.com,.@yopmail.com,673178187
959,Fernande,Ovid,.@yopmail.com,.@yopmail.com,362174033
960,Marika,Tamar,.@yopmail.com,.@yopmail.com,525748756
961,Tomasina,Erb,.@yopmail.com,.@yopmail.com,38495534
962,Jackie,Warthman,.@yopmail.com,.@yopmail.com,249171049
963,Jasmina,Haldas,.@yopmail.com,.@yopmail.com,822610010
964,Maryellen,Harl,.@yopmail.com,.@yopmail.com,455729693
965,Blinni,Zola,.@yopmail.com,.@yopmail.com,654181746
966,Netty,Fry,.@yopmail.com,.@yopmail.com,470439659
967,Aeriela,Schenck,.@yopmail.com,.@yopmail.com,68762214
968,Valera,Kaja,.@yopmail.com,.@yopmail.com,941197945
969,Marita,Lynn,.@yopmail.com,.@yopmail.com,582060533
970,Hallie,Berl,.@yopmail.com,.@yopmail.com,841066254
971,Jackie,Modie,.@yopmail.com,.@yopmail.com,531472642
972,Meriel,Callista,.@yopmail.com,.@yopmail.com,494493717
973,Gertrud,Margret,.@yopmail.com,.@yopmail.com,778496989
974,Merle,Yuille,.@yopmail.com,.@yopmail.com,236718419
975,Sashenka,Berriman,.@yopmail.com,.@yopmail.com,146162521
976,Kathi,Sacken,.@yopmail.com,.@yopmail.com,933329009
977,Rosene,Wind,.@yopmail.com,.@yopmail.com,705576225
978,Candi,Haerr,.@yopmail.com,.@yopmail.com,612063215
979,Coral,Wenda,.@yopmail.com,.@yopmail.com,535819789
980,Deirdre,Elephus,.@yopmail.com,.@yopmail.com,71743720
981,Gilda,Simmonds,.@yopmail.com,.@yopmail.com,611199994
982,Mathilda,Brotherson,.@yopmail.com,.@yopmail.com,715267326
983,Merci,Berl,.@yopmail.com,.@yopmail.com,968570779
984,Aubrie,Gaspard,.@yopmail.com,.@yopmail.com,324610241
985,Annabela,Ackerley,.@yopmail.com,.@yopmail.com,125721074
986,Lorne,Eugenia,.@yopmail.com,.@yopmail.com,187880220
987,Riannon,Berard,.@yopmail.com,.@yopmail.com,297254209
988,Ariela,Kannry,.@yopmail.com,.@yopmail.com,485162371
989,Paulita,Heidt,.@yopmail.com,.@yopmail.com,853992428
990,Danika,Sheedy,.@yopmail.com,.@yopmail.com,592634559
991,Lila,Terencio,.@yopmail.com,.@yopmail.com,438953269
992,Kimmy,Fink,.@yopmail.com,.@yopmail.com,201301863
993,Moyna,Rese,.@yopmail.com,.@yopmail.com,144331028
994,Joceline,Vastah,.@yopmail.com,.@yopmail.com,665358161
995,Merle,Weitman,.@yopmail.com,.@yopmail.com,456177196
996,Lily,Yam,.@yopmail.com,.@yopmail.com,175891435
997,Bobinette,Simmonds,.@yopmail.com,.@yopmail.com,27217358
998,Cherilyn,Weaks,.@yopmail.com,.@yopmail.com,347430524
999,Mady,Oster,.@yopmail.com,.@yopmail.com,723190453
1000,Jobi,Quinn,.@yopmail.com,.@yopmail.com,267704606
1001,Kimmy,Fabiola,.@yopmail.com,.@yopmail.com,330144352
1002,Orsola,Gombach,.@yopmail.com,.@yopmail.com,993795080
1003,Nariko,Capello,.@yopmail.com,.@yopmail.com,434700248
1004,Romona,Ulphia,.@yopmail.com,.@yopmail.com,516648764
1005,Amii,Horan,.@yopmail.com,.@yopmail.com,175241989
1006,Zondra,Levey,.@yopmail.com,.@yopmail.com,521490564
1007,Carly,Roxanna,.@yopmail.com,.@yopmail.com,926793305
1008,Winny,Edee,.@yopmail.com,.@yopmail.com,574739701
1009,Gilligan,Phi,.@yopmail.com,.@yopmail.com,387946719
1010,Bernardine,Havens,.@yopmail.com,.@yopmail.com,196500648
1011,Clarice,Karl,.@yopmail.com,.@yopmail.com,467729070
1012,Jacenta,Pierette,.@yopmail.com,.@yopmail.com,196230958
1013,Annabela,Krystle,.@yopmail.com,.@yopmail.com,770160871
1014,Valeda,Gert,.@yopmail.com,.@yopmail.com,305617232
1015,Cam,Berl,.@yopmail.com,.@yopmail.com,955206744
1016,Cathie,Destinee,.@yopmail.com,.@yopmail.com,981551261
1017,Vinita,Truc,.@yopmail.com,.@yopmail.com,273730315
1018,Carmencita,Redmond,.@yopmail.com,.@yopmail.com,879004025
1019,Fawne,Taima,.@yopmail.com,.@yopmail.com,431514279
1020,Shandie,Korey,.@yopmail.com,.@yopmail.com,120160755
1021,Florie,Amethist,.@yopmail.com,.@yopmail.com,123993690
1022,Annabela,Gower,.@yopmail.com,.@yopmail.com,270448095
1023,Molli,Kunin,.@yopmail.com,.@yopmail.com,686554208
1024,Sharlene,Obed,.@yopmail.com,.@yopmail.com,471363183
1025,Jobi,Junie,.@yopmail.com,.@yopmail.com,684366371
1026,Chandra,Gaal,.@yopmail.com,.@yopmail.com,850091964
1027,Hyacinthe,Saint,.@yopmail.com,.@yopmail.com,798662478
1028,Jinny,Kress,.@yopmail.com,.@yopmail.com,714351201
1029,Theodora,Melony,.@yopmail.com,.@yopmail.com,955100919
1030,Violet,Henrie,.@yopmail.com,.@yopmail.com,192369739
1031,Wilma,Skurnik,.@yopmail.com,.@yopmail.com,333648499
1032,Ericka,Wolfgram,.@yopmail.com,.@yopmail.com,715689772
1033,Ann-Marie,Colbert,.@yopmail.com,.@yopmail.com,890613883
1034,Kary,Boycey,.@yopmail.com,.@yopmail.com,513000942
1035,Audrie,Koziara,.@yopmail.com,.@yopmail.com,831734855
1036,Maye,Claudine,.@yopmail.com,.@yopmail.com,266542521
1037,Talya,Japeth,.@yopmail.com,.@yopmail.com,786586928
1038,Clarice,Muriel,.@yopmail.com,.@yopmail.com,46090138
1039,Donetta,McGrody,.@yopmail.com,.@yopmail.com,917903474
1040,Fanny,Durante,.@yopmail.com,.@yopmail.com,546722579
1041,Cassondra,Papageno,.@yopmail.com,.@yopmail.com,190591021
1042,Morganica,Wesle,.@yopmail.com,.@yopmail.com,697287497
1043,Celestyna,Burkle,.@yopmail.com,.@yopmail.com,514465147
1044,Sissy,Soneson,.@yopmail.com,.@yopmail.com,640345117
1045,Fernande,Hull,.@yopmail.com,.@yopmail.com,780723741
1046,Darlleen,Ovid,.@yopmail.com,.@yopmail.com,919966645
1047,Frank,Isidore,.@yopmail.com,.@yopmail.com,294999090
1048,Emmey,Remmer,.@yopmail.com,.@yopmail.com,184074133
1049,Jolyn,Stuart,.@yopmail.com,.@yopmail.com,503941075
1050,Mary,Lanita,.@yopmail.com,.@yopmail.com,39227108
1051,Evita,McCutcheon,.@yopmail.com,.@yopmail.com,791942655
1052,Alleen,Whittaker,.@yopmail.com,.@yopmail.com,418803277
1053,Ardeen,Karylin,.@yopmail.com,.@yopmail.com,257536660
1054,Rani,Schenck,.@yopmail.com,.@yopmail.com,948548399
1055,Cecile,Toni,.@yopmail.com,.@yopmail.com,476123303
1056,Tobe,Danby,.@yopmail.com,.@yopmail.com,842128261
1057,Shell,Cimbura,.@yopmail.com,.@yopmail.com,471875451
1058,Cecile,Santoro,.@yopmail.com,.@yopmail.com,32082391
1059,Asia,Ramona,.@yopmail.com,.@yopmail.com,123985117
1060,Louella,Irmine,.@yopmail.com,.@yopmail.com,941492543
1061,Carlie,Kesley,.@yopmail.com,.@yopmail.com,518002013
1062,Orelia,Felizio,.@yopmail.com,.@yopmail.com,336674548
1063,Dagmar,Allare,.@yopmail.com,.@yopmail.com,370979230
1064,Hallie,Eachern,.@yopmail.com,.@yopmail.com,446985893
1065,Evaleen,Hailee,.@yopmail.com,.@yopmail.com,969123712
1066,Aimil,Aida,.@yopmail.com,.@yopmail.com,734034455
1067,Marylou,Wenoa,.@yopmail.com,.@yopmail.com,962328712
1068,Alejandra,Dash,.@yopmail.com,.@yopmail.com,490381619
1069,Mariann,Crudden,.@yopmail.com,.@yopmail.com,327465735
1070,Allis,Phaidra,.@yopmail.com,.@yopmail.com,722933290
1071,Cristabel,Redmond,.@yopmail.com,.@yopmail.com,249742363
1072,Dode,Lytton,.@yopmail.com,.@yopmail.com,687271699
1073,Hermione,Vernier,.@yopmail.com,.@yopmail.com,379105597
1074,Mignon,Darian,.@yopmail.com,.@yopmail.com,169739235
1075,Dorothy,Odysseus,.@yopmail.com,.@yopmail.com,148212881
1076,Natka,Pozzy,.@yopmail.com,.@yopmail.com,449749237
1077,Jeanna,Grayce,.@yopmail.com,.@yopmail.com,365870510
1078,Maurene,Carri,.@yopmail.com,.@yopmail.com,548893941
1079,Sheree,Gregrory,.@yopmail.com,.@yopmail.com,280592823
1080,Iseabal,Hashim,.@yopmail.com,.@yopmail.com,615768679
1081,Lynea,Friede,.@yopmail.com,.@yopmail.com,238934934
1082,Carree,Lubin,.@yopmail.com,.@yopmail.com,467565664
1083,Ida,Ortrude,.@yopmail.com,.@yopmail.com,481134086
1084,Jessy,Thomasina,.@yopmail.com,.@yopmail.com,677249170
1085,Viki,Jacobah,.@yopmail.com,.@yopmail.com,570238962
1086,Courtnay,Wooster,.@yopmail.com,.@yopmail.com,574987666
1087,Gavrielle,Deny,.@yopmail.com,.@yopmail.com,234983157
1088,Clarice,Joseph,.@yopmail.com,.@yopmail.com,979006195
1089,Rhoda,Franza,.@yopmail.com,.@yopmail.com,90671362
1090,Kaja,Lindemann,.@yopmail.com,.@yopmail.com,610968507
1091,Madalyn,Ricki,.@yopmail.com,.@yopmail.com,430577297
1092,Elie,Maryanne,.@yopmail.com,.@yopmail.com,957441968
1093,Clementine,Montgomery,.@yopmail.com,.@yopmail.com,565829948
1094,Ardenia,Sherfield,.@yopmail.com,.@yopmail.com,653489129
1095,Caryl,Cherianne,.@yopmail.com,.@yopmail.com,889762896
1096,Feliza,Melony,.@yopmail.com,.@yopmail.com,358019243
1097,Nelle,Seumas,.@yopmail.com,.@yopmail.com,853604818
1098,Mignon,Brittani,.@yopmail.com,.@yopmail.com,993097445
1099,Patricia,Hirsch,.@yopmail.com,.@yopmail.com,663124566